customer_id,churn_probability,risk_tier
C00001,0.31391385,Medium
C00002,0.0113070505,Low
C00005,0.7389036,High
C00006,0.4401417,Medium
C00007,0.6915631,High
C00008,0.53714484,Medium
C00009,0.016045129,Low
C00011,0.79066056,High
C00012,0.23880306,Low
C00014,0.22267096,Low
C00015,0.9393244,High
C00016,0.2136496,Low
C00017,0.9039369,High
C00018,0.78614956,High
C00019,0.8981148,High
C00021,0.28006437,Low
C00022,0.8444883,High
C00023,0.5324198,Medium
C00024,0.49853897,Medium
C00025,0.7043779,High
C00026,0.3599125,Medium
C00027,0.55392015,Medium
C00028,0.81718266,High
C00029,0.136925,Low
C00030,0.61577725,High
C00031,0.46157587,Medium
C00032,0.7982165,High
C00034,0.3022303,Medium
C00035,0.04747747,Low
C00036,0.2995335,Low
C00038,0.8356472,High
C00039,0.21709594,Low
C00040,0.20475306,Low
C00041,0.018197592,Low
C00042,0.4294644,Medium
C00043,0.44220978,Medium
C00045,0.91366124,High
C00046,0.6159432,High
C00047,0.03535838,Low
C00048,0.7724188,High
C00049,0.74480736,High
C00051,0.79233855,High
C00053,0.37983274,Medium
C00057,0.030389033,Low
C00058,0.25434408,Low
C00059,0.64129615,High
C00060,0.77586776,High
C00061,0.19785804,Low
C00064,0.86705124,High
C00065,0.89669245,High
C00067,0.7306152,High
C00068,0.35335207,Medium
C00069,0.9629285,High
C00070,0.8205513,High
C00071,0.94287586,High
C00072,0.7490583,High
C00073,0.965291,High
C00075,0.09712856,Low
C00076,0.051546894,Low
C00077,0.048194308,Low
C00078,0.5348353,Medium
C00079,0.78819513,High
C00080,0.6744973,High
C00083,0.44389534,Medium
C00084,0.8161373,High
C00085,0.9643856,High
C00086,0.94473326,High
C00087,0.09484512,Low
C00088,0.83622235,High
C00089,0.49067137,Medium
C00090,0.6236465,High
C00091,0.9703686,High
C00092,0.4995147,Medium
C00093,0.037131965,Low
C00094,0.9411499,High
C00095,0.89933246,High
C00096,0.82432777,High
C00097,0.80104584,High
C00098,0.52122045,Medium
C00099,0.058186576,Low
C00100,0.9381669,High
C00103,0.9900141,High
C00104,0.95197797,High
C00105,0.034278102,Low
C00107,0.43619794,Medium
C00108,0.09357456,Low
C00109,0.3019443,Medium
C00113,0.44043177,Medium
C00114,0.22000428,Low
C00115,0.9187088,High
C00116,0.59856856,Medium
C00117,0.8495108,High
C00118,0.3506887,Medium
C00119,0.937579,High
C00121,0.83183014,High
C00122,0.71198654,High
C00123,0.974415,High
C00124,0.95682544,High
C00125,0.8081691,High
C00126,0.7281793,High
C00127,0.880028,High
C00128,0.059763897,Low
C00129,0.116677,Low
C00131,0.027907843,Low
C00132,0.6076903,High
C00133,0.6606571,High
C00134,0.9112662,High
C00135,0.7014743,High
C00136,0.1836016,Low
C00137,0.7927706,High
C00138,0.90631735,High
C00139,0.6846026,High
C00140,0.078007385,Low
C00141,0.39910933,Medium
C00142,0.896823,High
C00143,0.19566296,Low
C00144,0.17771745,Low
C00145,0.80147636,High
C00146,0.751387,High
C00149,0.7020652,High
C00150,0.23522924,Low
C00152,0.46017674,Medium
C00154,0.05869794,Low
C00156,0.8569632,High
C00157,0.6182951,High
C00158,0.5985613,Medium
C00159,0.113200136,Low
C00160,0.16957696,Low
C00162,0.7883998,High
C00163,0.079367235,Low
C00164,0.06297591,Low
C00165,0.9772406,High
C00166,0.7869505,High
C00168,0.5401392,Medium
C00169,0.881286,High
C00170,0.9754286,High
C00171,0.18336175,Low
C00172,0.78139746,High
C00173,0.026089173,Low
C00174,0.93960583,High
C00175,0.3325491,Medium
C00176,0.022473963,Low
C00177,0.37681225,Medium
C00178,0.8934536,High
C00179,0.2706219,Low
C00180,0.9787274,High
C00181,0.31716347,Medium
C00184,0.62722963,High
C00185,0.54516476,Medium
C00186,0.31048787,Medium
C00188,0.52689874,Medium
C00189,0.46564367,Medium
C00190,0.685229,High
C00191,0.15906596,Low
C00192,0.7735265,High
C00193,0.83375984,High
C00195,0.9228803,High
C00196,0.07862027,Low
C00197,0.7560493,High
C00198,0.6338135,High
C00199,0.71731055,High
C00200,0.0138816135,Low
C00201,0.77022624,High
C00202,0.39334306,Medium
C00203,0.76910883,High
C00204,0.3627005,Medium
C00206,0.104745984,Low
C00207,0.67240083,High
C00208,0.6457542,High
C00210,0.15413827,Low
C00211,0.06268747,Low
C00212,0.9722226,High
C00216,0.80556357,High
C00218,0.5991419,Medium
C00220,0.9494327,High
C00221,0.46937984,Medium
C00222,0.4005985,Medium
C00223,0.25336376,Low
C00224,0.36009753,Medium
C00225,0.100056976,Low
C00227,0.021755349,Low
C00228,0.6575938,High
C00229,0.43414342,Medium
C00230,0.974476,High
C00231,0.86230975,High
C00232,0.73477155,High
C00233,0.18505962,Low
C00235,0.142809,Low
C00236,0.53568137,Medium
C00237,0.013385001,Low
C00238,0.9534828,High
C00239,0.9538837,High
C00240,0.43001738,Medium
C00241,0.4308908,Medium
C00242,0.9347152,High
C00244,0.3263426,Medium
C00245,0.47259673,Medium
C00248,0.93584734,High
C00249,0.6057845,High
C00250,0.64214414,High
C00251,0.7039045,High
C00252,0.25825495,Low
C00253,0.040729612,Low
C00254,0.67912215,High
C00255,0.54313254,Medium
C00256,0.60400814,High
C00257,0.546577,Medium
C00258,0.64880055,High
C00259,0.22552209,Low
C00260,0.062793516,Low
C00261,0.060221236,Low
C00262,0.22154738,Low
C00263,0.22964644,Low
C00264,0.22214252,Low
C00265,0.35764593,Medium
C00266,0.0593164,Low
C00267,0.6474768,High
C00268,0.18207592,Low
C00269,0.36327797,Medium
C00270,0.56274664,Medium
C00271,0.8483907,High
C00272,0.8561278,High
C00273,0.8793572,High
C00274,0.88140756,High
C00275,0.3852447,Medium
C00276,0.050912865,Low
C00278,0.4705904,Medium
C00280,0.14647023,Low
C00281,0.364512,Medium
C00283,0.044497915,Low
C00286,0.5122869,Medium
C00287,0.6143456,High
C00288,0.9693934,High
C00289,0.90862405,High
C00290,0.656768,High
C00291,0.32011023,Medium
C00292,0.73858464,High
C00293,0.9522179,High
C00294,0.5403366,Medium
C00295,0.85538757,High
C00296,0.22036034,Low
C00297,0.14523537,Low
C00299,0.7375938,High
C00300,0.21441728,Low
C00301,0.6451765,High
C00302,0.6098428,High
C00303,0.068881,Low
C00304,0.87558454,High
C00305,0.7972088,High
C00306,0.76634943,High
C00307,0.46099773,Medium
C00308,0.97122365,High
C00309,0.77742803,High
C00310,0.8798462,High
C00311,0.04808653,Low
C00312,0.73550737,High
C00313,0.60619116,High
C00314,0.5740362,Medium
C00315,0.85223216,High
C00316,0.2727993,Low
C00317,0.45497397,Medium
C00319,0.2845646,Low
C00320,0.4591706,Medium
C00321,0.4248683,Medium
C00322,0.86531335,High
C00323,0.4423899,Medium
C00324,0.5596168,Medium
C00325,0.49175593,Medium
C00326,0.07875476,Low
C00327,0.183933,Low
C00328,0.44450417,Medium
C00329,0.09251853,Low
C00330,0.94432586,High
C00331,0.12395207,Low
C00333,0.37743708,Medium
C00334,0.35284176,Medium
C00336,0.4586922,Medium
C00337,0.10837032,Low
C00338,0.8012134,High
C00339,0.24375466,Low
C00340,0.7583394,High
C00341,0.19757648,Low
C00342,0.15196003,Low
C00344,0.031161841,Low
C00345,0.66331744,High
C00346,0.018953776,Low
C00347,0.40524778,Medium
C00348,0.83503985,High
C00349,0.10290954,Low
C00350,0.30293113,Medium
C00352,0.66565067,High
C00353,0.80793583,High
C00354,0.16104083,Low
C00355,0.210598,Low
C00356,0.84137434,High
C00358,0.6675665,High
C00359,0.8640104,High
C00360,0.026636098,Low
C00362,0.49902913,Medium
C00363,0.7761714,High
C00364,0.4808726,Medium
C00366,0.48748478,Medium
C00368,0.7541187,High
C00370,0.91618365,High
C00371,0.0207034,Low
C00372,0.62148434,High
C00374,0.96811944,High
C00375,0.18611963,Low
C00376,0.6242934,High
C00377,0.96503574,High
C00378,0.019122584,Low
C00379,0.48556098,Medium
C00380,0.31065723,Medium
C00382,0.03935541,Low
C00385,0.40477723,Medium
C00386,0.43327618,Medium
C00387,0.64223695,High
C00388,0.05048664,Low
C00389,0.27885365,Low
C00391,0.6908222,High
C00392,0.07764866,Low
C00394,0.44864154,Medium
C00395,0.2482614,Low
C00397,0.74174404,High
C00398,0.020906722,Low
C00399,0.18756492,Low
C00400,0.41898644,Medium
C00401,0.34597495,Medium
C00402,0.3079937,Medium
C00404,0.23777498,Low
C00405,0.42492658,Medium
C00406,0.63279015,High
C00407,0.90971375,High
C00408,0.111299165,Low
C00409,0.06720494,Low
C00410,0.34146017,Medium
C00411,0.48421443,Medium
C00412,0.8089643,High
C00413,0.70876306,High
C00414,0.20213778,Low
C00415,0.46381643,Medium
C00416,0.82136035,High
C00418,0.2034858,Low
C00419,0.9854858,High
C00420,0.19715755,Low
C00421,0.033326402,Low
C00422,0.2948022,Low
C00423,0.061970964,Low
C00424,0.86694765,High
C00425,0.8513437,High
C00426,0.8950543,High
C00427,0.096781425,Low
C00428,0.17755602,Low
C00429,0.9426526,High
C00430,0.3341421,Medium
C00431,0.82199776,High
C00432,0.71012974,High
C00433,0.14629969,Low
C00434,0.55497366,Medium
C00435,0.7993856,High
C00437,0.1768907,Low
C00438,0.46677926,Medium
C00439,0.8998983,High
C00441,0.5276125,Medium
C00442,0.028666323,Low
C00443,0.695765,High
C00444,0.5996927,Medium
C00445,0.7952675,High
C00446,0.14770103,Low
C00447,0.7134654,High
C00448,0.6975195,High
C00449,0.30718568,Medium
C00451,0.6468401,High
C00452,0.06070225,Low
C00453,0.25497591,Low
C00454,0.732,High
C00455,0.115774356,Low
C00456,0.033800032,Low
C00457,0.037959594,Low
C00459,0.78284264,High
C00460,0.95147866,High
C00461,0.9005588,High
C00462,0.44108772,Medium
C00463,0.15083365,Low
C00464,0.067463815,Low
C00465,0.29990125,Low
C00466,0.06673844,Low
C00467,0.9479888,High
C00469,0.8994001,High
C00470,0.9827859,High
C00471,0.9582302,High
C00472,0.75938743,High
C00473,0.8215808,High
C00474,0.9278312,High
C00475,0.033415336,Low
C00476,0.29023394,Low
C00477,0.70536083,High
C00479,0.51107615,Medium
C00480,0.8306094,High
C00481,0.75930935,High
C00482,0.29000977,Low
C00484,0.22091164,Low
C00485,0.91321635,High
C00486,0.24561647,Low
C00487,0.83737147,High
C00488,0.88306344,High
C00489,0.9532185,High
C00490,0.94044334,High
C00491,0.74766254,High
C00492,0.37026617,Medium
C00493,0.92727846,High
C00494,0.28613973,Low
C00495,0.67573965,High
C00496,0.59352267,Medium
C00497,0.74725735,High
C00498,0.038248595,Low
C00499,0.25826067,Low
C00500,0.23577759,Low
C00501,0.6854232,High
C00502,0.8393986,High
C00503,0.046434283,Low
C00504,0.81688017,High
C00505,0.7243742,High
C00506,0.68289244,High
C00507,0.13290606,Low
C00509,0.83905184,High
C00510,0.96006924,High
C00512,0.015455933,Low
C00514,0.83717257,High
C00515,0.1850816,Low
C00516,0.13372855,Low
C00517,0.75064397,High
C00518,0.68629664,High
C00520,0.46788743,Medium
C00523,0.75252765,High
C00524,0.10450808,Low
C00525,0.83834904,High
C00526,0.018279465,Low
C00527,0.81950605,High
C00529,0.40288273,Medium
C00530,0.9789468,High
C00531,0.79304814,High
C00533,0.9513829,High
C00534,0.47910437,Medium
C00535,0.15751146,Low
C00536,0.03380556,Low
C00538,0.4499159,Medium
C00540,0.9419173,High
C00541,0.5310112,Medium
C00542,0.343247,Medium
C00543,0.15169233,Low
C00544,0.96380967,High
C00545,0.66216666,High
C00546,0.8448108,High
C00547,0.6355434,High
C00548,0.048872247,Low
C00549,0.041832842,Low
C00550,0.6898489,High
C00552,0.4317121,Medium
C00553,0.9222061,High
C00554,0.94739985,High
C00555,0.9294346,High
C00556,0.9661103,High
C00557,0.8729641,High
C00558,0.73211145,High
C00559,0.6939967,High
C00561,0.9710923,High
C00562,0.8677448,High
C00563,0.55760926,Medium
C00564,0.5968791,Medium
C00565,0.0171569,Low
C00566,0.9143144,High
C00567,0.95949024,High
C00568,0.051588617,Low
C00571,0.875438,High
C00572,0.014069401,Low
C00573,0.9160419,High
C00575,0.92884374,High
C00576,0.021309627,Low
C00577,0.41269848,Medium
C00578,0.31647164,Medium
C00579,0.91422415,High
C00581,0.23309796,Low
C00582,0.87543154,High
C00583,0.37338078,Medium
C00584,0.098353505,Low
C00585,0.73194104,High
C00586,0.5579364,Medium
C00587,0.80942696,High
C00588,0.9169895,High
C00589,0.26515856,Low
C00590,0.23479791,Low
C00591,0.53476286,Medium
C00592,0.21545771,Low
C00593,0.28274712,Low
C00594,0.018306516,Low
C00595,0.8844513,High
C00596,0.15509431,Low
C00597,0.71198976,High
C00598,0.8352755,High
C00599,0.9307868,High
C00600,0.8102744,High
C00601,0.3622046,Medium
C00603,0.9401784,High
C00604,0.8983226,High
C00605,0.3814732,Medium
C00608,0.34809566,Medium
C00609,0.9229023,High
C00610,0.3506902,Medium
C00611,0.168557,Low
C00612,0.1403093,Low
C00613,0.898822,High
C00615,0.61787176,High
C00617,0.8027665,High
C00618,0.29976255,Low
C00619,0.87458396,High
C00621,0.017245436,Low
C00622,0.66537946,High
C00623,0.706968,High
C00624,0.88888514,High
C00626,0.039461467,Low
C00627,0.047132894,Low
C00628,0.33815128,Medium
C00629,0.70273113,High
C00630,0.96191305,High
C00632,0.13074756,Low
C00633,0.78417456,High
C00634,0.73022664,High
C00635,0.84494525,High
C00636,0.81080884,High
C00638,0.47899866,Medium
C00639,0.23299871,Low
C00640,0.01376628,Low
C00641,0.8238067,High
C00643,0.1486939,Low
C00644,0.06519293,Low
C00645,0.6872599,High
C00646,0.06370273,Low
C00647,0.038569696,Low
C00648,0.7417531,High
C00649,0.87103534,High
C00650,0.10666944,Low
C00651,0.6841113,High
C00652,0.5157438,Medium
C00653,0.20143095,Low
C00654,0.72919697,High
C00655,0.04542869,Low
C00656,0.070106864,Low
C00657,0.91922534,High
C00658,0.96360487,High
C00659,0.9797218,High
C00660,0.13188313,Low
C00661,0.86537415,High
C00662,0.11837791,Low
C00663,0.02035367,Low
C00664,0.8075457,High
C00665,0.13481537,Low
C00667,0.015519623,Low
C00668,0.32871643,Medium
C00669,0.61704826,High
C00670,0.041627668,Low
C00671,0.067231566,Low
C00672,0.6193478,High
C00673,0.56454897,Medium
C00675,0.1579914,Low
C00676,0.57195365,Medium
C00677,0.21812524,Low
C00681,0.9669729,High
C00682,0.7797863,High
C00683,0.23677647,Low
C00684,0.03832629,Low
C00685,0.6781788,High
C00687,0.6848707,High
C00688,0.06248974,Low
C00689,0.4674664,Medium
C00690,0.21612196,Low
C00691,0.94101936,High
C00692,0.032195296,Low
C00693,0.27879882,Low
C00694,0.03844319,Low
C00695,0.8984686,High
C00696,0.17615539,Low
C00697,0.105947405,Low
C00699,0.79237956,High
C00700,0.88169265,High
C00701,0.03921234,Low
C00703,0.67004323,High
C00704,0.31013635,Medium
C00705,0.28280047,Low
C00706,0.5864973,Medium
C00707,0.86004436,High
C00710,0.22607754,Low
C00711,0.86392426,High
C00712,0.9773062,High
C00713,0.11645097,Low
C00714,0.6963856,High
C00715,0.66117644,High
C00716,0.57996863,Medium
C00717,0.15293771,Low
C00719,0.84729475,High
C00720,0.7213717,High
C00721,0.9112351,High
C00722,0.9611837,High
C00723,0.83798176,High
C00724,0.14815155,Low
C00726,0.55827975,Medium
C00727,0.8284495,High
C00729,0.06480636,Low
C00730,0.7339033,High
C00731,0.0312027,Low
C00732,0.6778922,High
C00733,0.15195048,Low
C00734,0.9534492,High
C00735,0.6787533,High
C00736,0.07091983,Low
C00737,0.90354604,High
C00738,0.157387,Low
C00739,0.01586333,Low
C00740,0.478744,Medium
C00741,0.5871196,Medium
C00743,0.5504986,Medium
C00745,0.689655,High
C00747,0.21064554,Low
C00748,0.18714161,Low
C00749,0.88362694,High
C00751,0.018595694,Low
C00752,0.14303465,Low
C00755,0.05010955,Low
C00756,0.77788216,High
C00757,0.101315774,Low
C00758,0.97368187,High
C00759,0.80579954,High
C00761,0.040768865,Low
C00763,0.7184931,High
C00765,0.05450663,Low
C00767,0.5763748,Medium
C00768,0.18826243,Low
C00769,0.017501004,Low
C00770,0.046221662,Low
C00771,0.14572857,Low
C00772,0.122205704,Low
C00774,0.34134597,Medium
C00775,0.5964626,Medium
C00777,0.85184723,High
C00778,0.013885634,Low
C00780,0.85736454,High
C00781,0.016087161,Low
C00782,0.83531564,High
C00783,0.94072545,High
C00784,0.8633749,High
C00785,0.1837604,Low
C00786,0.19267303,Low
C00787,0.67586535,High
C00788,0.10085122,Low
C00789,0.7956118,High
C00790,0.92689925,High
C00791,0.9790533,High
C00792,0.8913983,High
C00793,0.44410977,Medium
C00794,0.7704723,High
C00795,0.28254804,Low
C00796,0.025834078,Low
C00797,0.3718614,Medium
C00798,0.7310852,High
C00799,0.2657964,Low
C00800,0.08851982,Low
C00802,0.27776247,Low
C00803,0.08039719,Low
C00804,0.7443664,High
C00805,0.90931195,High
C00806,0.17808047,Low
C00807,0.30985484,Medium
C00808,0.58681446,Medium
C00809,0.037978318,Low
C00810,0.9713109,High
C00812,0.19283284,Low
C00813,0.61611456,High
C00814,0.9917019,High
C00815,0.049805284,Low
C00816,0.24467705,Low
C00817,0.81577444,High
C00818,0.3970934,Medium
C00819,0.010117123,Low
C00820,0.032756533,Low
C00821,0.7769499,High
C00822,0.50611806,Medium
C00823,0.78321505,High
C00824,0.81502694,High
C00825,0.22338003,Low
C00826,0.02995519,Low
C00828,0.771726,High
C00830,0.50266,Medium
C00831,0.631714,High
C00832,0.35878074,Medium
C00833,0.8223684,High
C00834,0.27075526,Low
C00835,0.39793822,Medium
C00836,0.018118506,Low
C00837,0.8121796,High
C00838,0.55713004,Medium
C00839,0.70882523,High
C00840,0.953528,High
C00841,0.64772993,High
C00842,0.75172794,High
C00843,0.5515556,Medium
C00844,0.7597888,High
C00845,0.72044903,High
C00846,0.9175994,High
C00847,0.57067704,Medium
C00849,0.84023637,High
C00850,0.9316669,High
C00851,0.5046119,Medium
C00852,0.28830317,Low
C00853,0.5824459,Medium
C00854,0.44287205,Medium
C00855,0.2324813,Low
C00856,0.93493146,High
C00857,0.34468633,Medium
C00858,0.1278107,Low
C00859,0.6865497,High
C00860,0.6639528,High
C00861,0.5441864,Medium
C00862,0.6405473,High
C00863,0.964413,High
C00865,0.9539227,High
C00866,0.968315,High
C00867,0.97191185,High
C00868,0.07011489,Low
C00869,0.60778195,High
C00870,0.55087894,Medium
C00871,0.8137972,High
C00872,0.41970563,Medium
C00873,0.112200566,Low
C00874,0.029505197,Low
C00876,0.3566865,Medium
C00877,0.9657313,High
C00878,0.02276071,Low
C00880,0.84641004,High
C00881,0.9038364,High
C00882,0.05637791,Low
C00883,0.90156037,High
C00886,0.47032008,Medium
C00887,0.45918497,Medium
C00889,0.7423862,High
C00890,0.26197106,Low
C00892,0.5943535,Medium
C00893,0.022607552,Low
C00894,0.57178414,Medium
C00895,0.06032107,Low
C00896,0.435038,Medium
C00897,0.8518722,High
C00899,0.11134467,Low
C00900,0.01924908,Low
C00901,0.9562821,High
C00902,0.14615496,Low
C00903,0.19308017,Low
C00904,0.97788286,High
C00905,0.70836055,High
C00906,0.025415441,Low
C00907,0.8709237,High
C00908,0.06473091,Low
C00909,0.14152649,Low
C00910,0.029946107,Low
C00911,0.20011024,Low
C00912,0.7980196,High
C00914,0.925161,High
C00915,0.02005685,Low
C00917,0.97948897,High
C00918,0.4984392,Medium
C00920,0.27392247,Low
C00921,0.6504241,High
C00923,0.4397906,Medium
C00924,0.964753,High
C00925,0.756391,High
C00927,0.39615458,Medium
C00929,0.6472865,High
C00930,0.6947464,High
C00931,0.309137,Medium
C00932,0.03481908,Low
C00933,0.9777985,High
C00934,0.2865088,Low
C00935,0.85931087,High
C00936,0.95899165,High
C00937,0.20099927,Low
C00938,0.80538267,High
C00939,0.87700325,High
C00940,0.97995865,High
C00941,0.9589113,High
C00942,0.90181845,High
C00943,0.28969043,Low
C00944,0.6768338,High
C00945,0.2372067,Low
C00946,0.5700177,Medium
C00947,0.90097445,High
C00948,0.9007363,High
C00949,0.970395,High
C00950,0.04990957,Low
C00951,0.5690963,Medium
C00952,0.336221,Medium
C00953,0.97076505,High
C00955,0.8515755,High
C00956,0.20180279,Low
C00958,0.87545043,High
C00959,0.21642151,Low
C00961,0.88437617,High
C00962,0.9615742,High
C00963,0.041164096,Low
C00964,0.7198446,High
C00965,0.09744874,Low
C00966,0.83578616,High
C00967,0.22236393,Low
C00968,0.16358738,Low
C00971,0.9049593,High
C00972,0.027910255,Low
C00973,0.86219484,High
C00974,0.0587727,Low
C00975,0.26798433,Low
C00976,0.13226037,Low
C00978,0.40421423,Medium
C00979,0.56798315,Medium
C00981,0.19551516,Low
C00983,0.21741846,Low
C00984,0.1804869,Low
C00985,0.9733503,High
C00986,0.30249146,Medium
C00987,0.035684522,Low
C00988,0.6843211,High
C00989,0.8033123,High
C00990,0.29302353,Low
C00991,0.68084764,High
C00992,0.9203426,High
C00993,0.73462206,High
C00994,0.8566165,High
C00995,0.37304455,Medium
C00996,0.9365233,High
C00997,0.5997752,Medium
C00998,0.0237166,Low
C00999,0.7998831,High
C01001,0.26734158,Low
C01002,0.5060454,Medium
C01003,0.9583742,High
C01004,0.25733465,Low
C01007,0.9637065,High
C01008,0.98358846,High
C01009,0.094100095,Low
C01013,0.10941287,Low
C01014,0.95776296,High
C01015,0.3442541,Medium
C01016,0.28544557,Low
C01017,0.69981986,High
C01018,0.27806187,Low
C01019,0.7090512,High
C01020,0.80686164,High
C01021,0.03951529,Low
C01022,0.17368367,Low
C01023,0.24430907,Low
C01024,0.48725918,Medium
C01025,0.38543212,Medium
C01028,0.2208912,Low
C01030,0.9627959,High
C01031,0.064865485,Low
C01032,0.9665654,High
C01033,0.24534538,Low
C01034,0.69897234,High
C01035,0.4677396,Medium
C01038,0.52457225,Medium
C01039,0.1825666,Low
C01040,0.22825567,Low
C01041,0.80646706,High
C01042,0.93550366,High
C01044,0.8538321,High
C01045,0.655347,High
C01046,0.94467336,High
C01047,0.20296566,Low
C01048,0.6458031,High
C01049,0.55692446,Medium
C01050,0.7572426,High
C01052,0.021169635,Low
C01053,0.87328035,High
C01055,0.73107356,High
C01058,0.9146495,High
C01059,0.7758127,High
C01060,0.82593614,High
C01061,0.051383965,Low
C01063,0.5828556,Medium
C01064,0.055962842,Low
C01065,0.53211284,Medium
C01066,0.92933285,High
C01067,0.71627283,High
C01068,0.7313103,High
C01069,0.25330317,Low
C01070,0.6645951,High
C01071,0.89831054,High
C01074,0.10543235,Low
C01075,0.2996047,Low
C01076,0.12280055,Low
C01077,0.40480706,Medium
C01078,0.63545805,High
C01079,0.03552066,Low
C01080,0.04255754,Low
C01081,0.2954374,Low
C01085,0.9575769,High
C01086,0.8054386,High
C01087,0.21034302,Low
C01088,0.07111517,Low
C01089,0.37213284,Medium
C01090,0.78410065,High
C01092,0.6678717,High
C01094,0.07812737,Low
C01095,0.5488897,Medium
C01096,0.576066,Medium
C01097,0.07468669,Low
C01098,0.54534745,Medium
C01099,0.03611957,Low
C01100,0.7469126,High
C01101,0.7406381,High
C01103,0.6393183,High
C01105,0.01672584,Low
C01107,0.60923165,High
C01108,0.08226402,Low
C01109,0.9158789,High
C01110,0.5846251,Medium
C01111,0.23443072,Low
C01112,0.031697888,Low
C01113,0.5560434,Medium
C01114,0.829708,High
C01115,0.9617647,High
C01116,0.43344793,Medium
C01117,0.9152871,High
C01118,0.21149974,Low
C01119,0.041167248,Low
C01120,0.040542938,Low
C01121,0.769203,High
C01122,0.1569771,Low
C01123,0.76595074,High
C01125,0.9601653,High
C01126,0.7135014,High
C01127,0.87918633,High
C01128,0.9523966,High
C01129,0.8656214,High
C01130,0.06327077,Low
C01132,0.75935894,High
C01133,0.7426256,High
C01134,0.20731585,Low
C01135,0.5841848,Medium
C01136,0.041132677,Low
C01137,0.36770397,Medium
C01138,0.050343614,Low
C01139,0.9110365,High
C01140,0.5458033,Medium
C01142,0.24200897,Low
C01143,0.8632224,High
C01144,0.025922405,Low
C01145,0.06757015,Low
C01146,0.029278772,Low
C01147,0.48029786,Medium
C01148,0.123713955,Low
C01149,0.5396143,Medium
C01150,0.75478107,High
C01151,0.04311002,Low
C01152,0.5187816,Medium
C01153,0.58705634,Medium
C01154,0.9419302,High
C01155,0.8572754,High
C01156,0.73260516,High
C01157,0.63283587,High
C01158,0.022580616,Low
C01159,0.47661582,Medium
C01162,0.9393307,High
C01164,0.32934672,Medium
C01165,0.3515951,Medium
C01166,0.77548426,High
C01167,0.33685836,Medium
C01168,0.038904697,Low
C01170,0.65312123,High
C01171,0.50982845,Medium
C01172,0.17107469,Low
C01173,0.72625774,High
C01174,0.03369411,Low
C01176,0.029728943,Low
C01178,0.9554765,High
C01179,0.48813286,Medium
C01180,0.4440835,Medium
C01181,0.8916496,High
C01183,0.7434145,High
C01184,0.9355501,High
C01185,0.32401276,Medium
C01186,0.052539855,Low
C01187,0.016656032,Low
C01188,0.058108184,Low
C01189,0.11685863,Low
C01190,0.67904836,High
C01191,0.9450265,High
C01193,0.14812692,Low
C01194,0.8567482,High
C01196,0.54692125,Medium
C01197,0.7207435,High
C01198,0.4592746,Medium
C01199,0.057084978,Low
C01200,0.071598314,Low
C01202,0.028335763,Low
C01203,0.70154446,High
C01204,0.04375448,Low
C01205,0.037607618,Low
C01207,0.6738885,High
C01208,0.18529266,Low
C01209,0.90461415,High
C01210,0.7153573,High
C01211,0.746186,High
C01212,0.22551377,Low
C01213,0.40296528,Medium
C01215,0.0071131997,Low
C01216,0.43340167,Medium
C01217,0.6852943,High
C01219,0.40974236,Medium
C01220,0.9615093,High
C01221,0.5668382,Medium
C01222,0.011511111,Low
C01223,0.039648496,Low
C01224,0.32396513,Medium
C01225,0.04370458,Low
C01226,0.3221136,Medium
C01227,0.2357331,Low
C01228,0.95535016,High
C01230,0.6352197,High
C01231,0.45268333,Medium
C01232,0.22215182,Low
C01233,0.32067075,Medium
C01234,0.66442364,High
C01235,0.55124027,Medium
C01236,0.88820946,High
C01237,0.019400204,Low
C01238,0.66438335,High
C01239,0.16479683,Low
C01240,0.045742355,Low
C01241,0.5109836,Medium
C01242,0.11180558,Low
C01243,0.3368209,Medium
C01244,0.14706023,Low
C01245,0.019245123,Low
C01246,0.9071778,High
C01247,0.5186346,Medium
C01250,0.04808503,Low
C01251,0.514542,Medium
C01253,0.98134387,High
C01254,0.9191051,High
C01256,0.18370076,Low
C01257,0.37862116,Medium
C01258,0.88470066,High
C01259,0.0143831745,Low
C01260,0.4415187,Medium
C01263,0.7295505,High
C01264,0.43431434,Medium
C01265,0.962089,High
C01267,0.26520956,Low
C01268,0.035354566,Low
C01269,0.583821,Medium
C01270,0.030753957,Low
C01271,0.02617162,Low
C01272,0.012599397,Low
C01273,0.54022384,Medium
C01275,0.81732035,High
C01276,0.7650586,High
C01277,0.86576915,High
C01278,0.8588537,High
C01279,0.3807409,Medium
C01280,0.24578495,Low
C01281,0.8592944,High
C01283,0.9149696,High
C01284,0.65860224,High
C01286,0.11508596,Low
C01287,0.30439368,Medium
C01288,0.4155044,Medium
C01290,0.68397576,High
C01291,0.95042986,High
C01293,0.8257924,High
C01294,0.8317198,High
C01297,0.8167545,High
C01298,0.025353791,Low
C01301,0.9525145,High
C01302,0.1247663,Low
C01303,0.4923522,Medium
C01304,0.054829918,Low
C01305,0.91425025,High
C01306,0.9586171,High
C01308,0.5118892,Medium
C01310,0.7907855,High
C01311,0.040621914,Low
C01312,0.9507684,High
C01314,0.5828322,Medium
C01315,0.6354684,High
C01316,0.36265925,Medium
C01317,0.58131385,Medium
C01318,0.8411903,High
C01319,0.9321061,High
C01320,0.82036006,High
C01322,0.4781576,Medium
C01323,0.2571607,Low
C01324,0.24895068,Low
C01325,0.095939636,Low
C01326,0.95248413,High
C01327,0.3640783,Medium
C01328,0.645244,High
C01329,0.6680297,High
C01330,0.4860659,Medium
C01331,0.56368196,Medium
C01332,0.04529187,Low
C01334,0.96030444,High
C01335,0.08017713,Low
C01336,0.8127743,High
C01337,0.25579992,Low
C01338,0.07689689,Low
C01339,0.07715796,Low
C01340,0.2872609,Low
C01342,0.6570593,High
C01343,0.93300813,High
C01344,0.01706763,Low
C01345,0.70407474,High
C01346,0.8958259,High
C01347,0.26726824,Low
C01348,0.66512495,High
C01349,0.05393979,Low
C01350,0.80593807,High
C01351,0.8195275,High
C01354,0.96063316,High
C01355,0.657061,High
C01356,0.8342118,High
C01357,0.6704948,High
C01358,0.3326833,Medium
C01359,0.80048764,High
C01361,0.56738156,Medium
C01362,0.9500392,High
C01363,0.9752305,High
C01364,0.37097433,Medium
C01365,0.16043083,Low
C01366,0.7112058,High
C01367,0.9241988,High
C01368,0.023707025,Low
C01369,0.794187,High
C01370,0.8762086,High
C01371,0.11354168,Low
C01372,0.06646127,Low
C01373,0.44275668,Medium
C01374,0.31263322,Medium
C01375,0.55153936,Medium
C01376,0.13076918,Low
C01377,0.89162683,High
C01378,0.95243615,High
C01379,0.34153798,Medium
C01380,0.7377323,High
C01381,0.1748738,Low
C01382,0.05039946,Low
C01383,0.33856225,Medium
C01384,0.2276436,Low
C01385,0.9656911,High
C01386,0.018664327,Low
C01388,0.76142067,High
C01390,0.17168172,Low
C01391,0.45224014,Medium
C01392,0.64868796,High
C01393,0.020343881,Low
C01395,0.042757623,Low
C01396,0.6092782,High
C01397,0.032461874,Low
C01398,0.6833418,High
C01399,0.26582572,Low
C01401,0.7439082,High
C01402,0.31039762,Medium
C01403,0.7798745,High
C01404,0.096558064,Low
C01405,0.68970895,High
C01406,0.1367543,Low
C01407,0.017437093,Low
C01409,0.94683045,High
C01411,0.46690202,Medium
C01413,0.12893085,Low
C01415,0.34923762,Medium
C01416,0.4753096,Medium
C01417,0.91040015,High
C01418,0.8926233,High
C01420,0.9107368,High
C01421,0.46057302,Medium
C01422,0.96746796,High
C01423,0.043558046,Low
C01424,0.15155397,Low
C01425,0.93589723,High
C01426,0.14571576,Low
C01427,0.83847886,High
C01428,0.40079135,Medium
C01430,0.88180995,High
C01431,0.96360487,High
C01432,0.19253743,Low
C01434,0.04016798,Low
C01435,0.7659408,High
C01436,0.92824435,High
C01437,0.02181649,Low
C01438,0.6026665,High
C01439,0.9647021,High
C01440,0.34221688,Medium
C01441,0.64670056,High
C01442,0.47817737,Medium
C01444,0.8934235,High
C01445,0.9770295,High
C01446,0.32169414,Medium
C01447,0.599407,Medium
C01449,0.021722788,Low
C01451,0.9334848,High
C01452,0.84766424,High
C01453,0.37885377,Medium
C01454,0.9531703,High
C01455,0.7688002,High
C01456,0.15033743,Low
C01457,0.8266989,High
C01458,0.059784975,Low
C01459,0.26344857,Low
C01460,0.7382104,High
C01461,0.9398493,High
C01462,0.4609695,Medium
C01464,0.07594921,Low
C01465,0.118983164,Low
C01466,0.38178656,Medium
C01467,0.68716615,High
C01468,0.49347296,Medium
C01469,0.03359828,Low
C01470,0.6643766,High
C01472,0.02125916,Low
C01473,0.75015044,High
C01474,0.939784,High
C01475,0.45121965,Medium
C01476,0.13984238,Low
C01478,0.966426,High
C01479,0.34979835,Medium
C01480,0.8055129,High
C01481,0.29650253,Low
C01482,0.2158145,Low
C01484,0.7376107,High
C01486,0.71283114,High
C01487,0.69551414,High
C01488,0.98070896,High
C01489,0.6643037,High
C01490,0.9049837,High
C01492,0.38977623,Medium
C01493,0.15723532,Low
C01494,0.3402405,Medium
C01495,0.05370267,Low
C01496,0.684607,High
C01498,0.2116933,Low
C01499,0.23657364,Low
C01502,0.017560637,Low
C01505,0.4693463,Medium
C01506,0.75759774,High
C01507,0.92448616,High
C01508,0.4938383,Medium
C01509,0.5618374,Medium
C01511,0.73743504,High
C01513,0.2298469,Low
C01514,0.9595409,High
C01515,0.44087029,Medium
C01516,0.38276485,Medium
C01517,0.8846382,High
C01520,0.090904556,Low
C01521,0.947295,High
C01522,0.7396431,High
C01525,0.013100935,Low
C01526,0.036453255,Low
C01527,0.7001949,High
C01528,0.19580726,Low
C01529,0.9679642,High
C01532,0.6289388,High
C01533,0.91045654,High
C01534,0.5479153,Medium
C01536,0.9708009,High
C01537,0.19663939,Low
C01538,0.5807224,Medium
C01539,0.60634375,High
C01540,0.86557156,High
C01541,0.010115499,Low
C01542,0.52028924,Medium
C01543,0.93906987,High
C01544,0.4738214,Medium
C01545,0.9594732,High
C01546,0.86767083,High
C01547,0.9592077,High
C01549,0.95563215,High
C01552,0.952617,High
C01553,0.8726157,High
C01554,0.9799672,High
C01555,0.1303089,Low
C01556,0.029049385,Low
C01558,0.9349104,High
C01560,0.1728495,Low
C01563,0.67852294,High
C01564,0.80741584,High
C01565,0.015538161,Low
C01566,0.27237484,Low
C01567,0.019203106,Low
C01568,0.835627,High
C01570,0.015774697,Low
C01571,0.75804263,High
C01572,0.74202293,High
C01573,0.6623529,High
C01574,0.81757116,High
C01575,0.019042952,Low
C01576,0.52232665,Medium
C01578,0.64847153,High
C01579,0.03062724,Low
C01580,0.27679086,Low
C01582,0.9669098,High
C01583,0.01097602,Low
C01585,0.38729334,Medium
C01586,0.15760328,Low
C01587,0.37788516,Medium
C01588,0.3827111,Medium
C01589,0.34472248,Medium
C01590,0.36101916,Medium
C01592,0.907978,High
C01593,0.90446526,High
C01594,0.35654578,Medium
C01596,0.45922747,Medium
C01597,0.039639276,Low
C01598,0.43144932,Medium
C01599,0.5982853,Medium
C01600,0.08379118,Low
C01601,0.8563068,High
C01602,0.4508678,Medium
C01603,0.94201195,High
C01606,0.5296423,Medium
C01607,0.08701489,Low
C01608,0.015731638,Low
C01609,0.6619759,High
C01610,0.61426264,High
C01611,0.8428742,High
C01612,0.07926547,Low
C01613,0.83156455,High
C01614,0.6394233,High
C01615,0.22674865,Low
C01616,0.15410914,Low
C01617,0.4806518,Medium
C01619,0.023167653,Low
C01620,0.889245,High
C01621,0.67530006,High
C01622,0.21651177,Low
C01623,0.157904,Low
C01624,0.43561795,Medium
C01625,0.874902,High
C01626,0.98402125,High
C01627,0.8553943,High
C01628,0.6880003,High
C01629,0.026999962,Low
C01630,0.7911595,High
C01631,0.076775245,Low
C01632,0.19962715,Low
C01633,0.63381493,High
C01634,0.5517865,Medium
C01635,0.04419649,Low
C01636,0.20302711,Low
C01637,0.7471259,High
C01639,0.3226945,Medium
C01640,0.26319915,Low
C01641,0.6735687,High
C01642,0.89379483,High
C01643,0.5141747,Medium
C01644,0.39445776,Medium
C01645,0.89565384,High
C01646,0.7449443,High
C01647,0.08223336,Low
C01648,0.6019011,High
C01649,0.95844615,High
C01650,0.04004434,Low
C01651,0.26540536,Low
C01652,0.53949267,Medium
C01653,0.14422068,Low
C01654,0.1471651,Low
C01657,0.95821553,High
C01658,0.9663282,High
C01659,0.71116287,High
C01660,0.02760576,Low
C01661,0.65049195,High
C01663,0.9420657,High
C01664,0.67369914,High
C01665,0.38491902,Medium
C01666,0.65283495,High
C01667,0.49337533,Medium
C01668,0.11835593,Low
C01669,0.09676925,Low
C01670,0.37748283,Medium
C01672,0.07300739,Low
C01673,0.28697762,Low
C01674,0.94004637,High
C01677,0.63740414,High
C01679,0.12382206,Low
C01680,0.27161372,Low
C01681,0.8137303,High
C01682,0.63050216,High
C01683,0.62785065,High
C01684,0.88318306,High
C01685,0.9498615,High
C01686,0.7094872,High
C01687,0.72395647,High
C01690,0.2688987,Low
C01692,0.955333,High
C01693,0.017866226,Low
C01695,0.7795672,High
C01696,0.094708316,Low
C01697,0.0344022,Low
C01698,0.02523714,Low
C01699,0.030962134,Low
C01700,0.9513202,High
C01701,0.19704498,Low
C01703,0.015792616,Low
C01704,0.039913166,Low
C01705,0.8857077,High
C01708,0.68346876,High
C01710,0.31750286,Medium
C01711,0.96382326,High
C01713,0.38522774,Medium
C01715,0.022053912,Low
C01716,0.322013,Medium
C01717,0.19753268,Low
C01718,0.543928,Medium
C01719,0.95525825,High
C01721,0.42362326,Medium
C01722,0.64137256,High
C01723,0.26065916,Low
C01724,0.63910156,High
C01725,0.53416854,Medium
C01726,0.83714396,High
C01727,0.40339854,Medium
C01728,0.5172711,Medium
C01729,0.6500806,High
C01731,0.7917701,High
C01732,0.94392204,High
C01733,0.44260904,Medium
C01734,0.67067415,High
C01736,0.9462285,High
C01737,0.06849404,Low
C01738,0.0669659,Low
C01739,0.94406134,High
C01740,0.19061854,Low
C01741,0.39387736,Medium
C01742,0.82699555,High
C01743,0.83448875,High
C01744,0.8597541,High
C01745,0.36997756,Medium
C01746,0.7730587,High
C01747,0.9071895,High
C01748,0.082122765,Low
C01749,0.7866977,High
C01750,0.014751689,Low
C01751,0.9361684,High
C01752,0.04240502,Low
C01753,0.021278935,Low
C01754,0.06496792,Low
C01755,0.7757494,High
C01756,0.47074363,Medium
C01757,0.6913806,High
C01758,0.24925792,Low
C01759,0.31354195,Medium
C01760,0.29467663,Low
C01761,0.18752815,Low
C01762,0.9372161,High
C01763,0.9831808,High
C01764,0.7538995,High
C01766,0.096541405,Low
C01767,0.034384336,Low
C01768,0.03243762,Low
C01770,0.64712286,High
C01771,0.7910392,High
C01773,0.29428518,Low
C01775,0.20187329,Low
C01776,0.4377771,Medium
C01777,0.20441052,Low
C01778,0.10628242,Low
C01779,0.018531615,Low
C01780,0.76187116,High
C01781,0.49711835,Medium
C01782,0.92723614,High
C01783,0.9022571,High
C01784,0.27132845,Low
C01785,0.9554337,High
C01786,0.06056001,Low
C01787,0.5872676,Medium
C01788,0.85267055,High
C01789,0.84091365,High
C01790,0.79129833,High
C01791,0.82198876,High
C01792,0.54005903,Medium
C01793,0.8368072,High
C01794,0.7626802,High
C01796,0.28400877,Low
C01798,0.10344466,Low
C01799,0.53256774,Medium
C01800,0.4423716,Medium
C01801,0.6989699,High
C01802,0.4253325,Medium
C01803,0.016703224,Low
C01804,0.03590223,Low
C01805,0.9859568,High
C01806,0.17679459,Low
C01807,0.58645767,Medium
C01808,0.34862936,Medium
C01810,0.76024705,High
C01811,0.3622887,Medium
C01813,0.09663092,Low
C01814,0.09187579,Low
C01815,0.9628836,High
C01816,0.32742476,Medium
C01817,0.5791009,Medium
C01819,0.649203,High
C01820,0.9774228,High
C01821,0.647543,High
C01825,0.17207101,Low
C01826,0.1335041,Low
C01827,0.017297136,Low
C01828,0.41387618,Medium
C01829,0.4240279,Medium
C01830,0.012782802,Low
C01831,0.01491933,Low
C01832,0.9341244,High
C01833,0.7275677,High
C01834,0.3793082,Medium
C01835,0.09422402,Low
C01836,0.62798107,High
C01838,0.36508742,Medium
C01839,0.87079614,High
C01840,0.077875055,Low
C01841,0.8006147,High
C01842,0.20623048,Low
C01843,0.6318855,High
C01844,0.27344352,Low
C01845,0.9136954,High
C01846,0.8896544,High
C01847,0.8966471,High
C01848,0.1220527,Low
C01849,0.47967833,Medium
C01850,0.8211504,High
C01851,0.8098278,High
C01852,0.14879876,Low
C01853,0.042160716,Low
C01854,0.27248517,Low
C01855,0.80292404,High
C01856,0.27525026,Low
C01857,0.11203894,Low
C01858,0.15029296,Low
C01859,0.8603228,High
C01860,0.21571691,Low
C01861,0.7325211,High
C01862,0.79785764,High
C01864,0.08610306,Low
C01865,0.13936397,Low
C01866,0.6695978,High
C01868,0.8750112,High
C01869,0.03524341,Low
C01870,0.8308675,High
C01872,0.48969463,Medium
C01873,0.24191669,Low
C01874,0.8097826,High
C01876,0.9400553,High
C01877,0.114282325,Low
C01878,0.75943893,High
C01879,0.6277686,High
C01880,0.73939764,High
C01883,0.9631212,High
C01884,0.08826193,Low
C01885,0.9044709,High
C01886,0.23435894,Low
C01887,0.3346833,Medium
C01888,0.7121958,High
C01889,0.8219351,High
C01890,0.07105963,Low
C01892,0.73857164,High
C01893,0.6221368,High
C01894,0.86987346,High
C01895,0.64551616,High
C01897,0.039138652,Low
C01898,0.17860569,Low
C01899,0.9859648,High
C01900,0.03180982,Low
C01901,0.5236757,Medium
C01902,0.05519236,Low
C01903,0.1699727,Low
C01904,0.3415837,Medium
C01905,0.6453143,High
C01906,0.8874685,High
C01907,0.060272925,Low
C01909,0.2800724,Low
C01910,0.7175283,High
C01911,0.16715914,Low
C01912,0.2286636,Low
C01913,0.18090814,Low
C01914,0.82630837,High
C01915,0.9608429,High
C01916,0.17281221,Low
C01918,0.26834807,Low
C01919,0.38820887,Medium
C01920,0.85678655,High
C01921,0.8678588,High
C01922,0.40418124,Medium
C01923,0.94685864,High
C01924,0.97169995,High
C01925,0.8410557,High
C01926,0.9255251,High
C01927,0.9551422,High
C01928,0.3736153,Medium
C01929,0.6066503,High
C01931,0.88625133,High
C01932,0.30616176,Medium
C01933,0.6771502,High
C01934,0.55069166,Medium
C01936,0.0638448,Low
C01937,0.75293356,High
C01939,0.08402175,Low
C01940,0.93855214,High
C01941,0.44507623,Medium
C01942,0.77394843,High
C01944,0.18863864,Low
C01945,0.2945986,Low
C01947,0.8960437,High
C01948,0.033800848,Low
C01949,0.1667468,Low
C01950,0.79877394,High
C01952,0.6566344,High
C01953,0.63781774,High
C01954,0.053417806,Low
C01955,0.035003316,Low
C01956,0.9419927,High
C01957,0.79758567,High
C01958,0.07654036,Low
C01960,0.012608614,Low
C01961,0.24288139,Low
C01962,0.84990066,High
C01963,0.4146708,Medium
C01964,0.52022076,Medium
C01965,0.33867198,Medium
C01966,0.4768942,Medium
C01967,0.11984768,Low
C01968,0.043338526,Low
C01969,0.23153287,Low
C01970,0.94488525,High
C01971,0.38618484,Medium
C01972,0.38622224,Medium
C01973,0.46498296,Medium
C01974,0.7749915,High
C01975,0.9599239,High
C01976,0.97904736,High
C01977,0.21724208,Low
C01978,0.9644261,High
C01979,0.36974046,Medium
C01980,0.103614576,Low
C01981,0.2761367,Low
C01982,0.6642933,High
C01983,0.16268739,Low
C01984,0.64111084,High
C01985,0.76189065,High
C01986,0.8893944,High
C01987,0.3268016,Medium
C01988,0.8121185,High
C01991,0.0902958,Low
C01994,0.0933937,Low
C01995,0.8102079,High
C01997,0.38424417,Medium
C01998,0.67469215,High
C01999,0.935478,High
C02000,0.68596464,High
C02001,0.436203,Medium
C02002,0.26047605,Low
C02003,0.25154704,Low
C02004,0.96131384,High
C02005,0.67739713,High
C02007,0.008939937,Low
C02008,0.3166586,Medium
C02009,0.9190572,High
C02010,0.108793564,Low
C02011,0.8882292,High
C02013,0.960524,High
C02014,0.67664295,High
C02015,0.13734698,Low
C02016,0.25028756,Low
C02017,0.696108,High
C02018,0.96148723,High
C02019,0.7850865,High
C02020,0.53961486,Medium
C02021,0.9191574,High
C02022,0.51099545,Medium
C02023,0.61487275,High
C02024,0.9218259,High
C02025,0.61268,High
C02027,0.9746286,High
C02028,0.22120534,Low
C02030,0.596508,Medium
C02031,0.3623363,Medium
C02032,0.0893515,Low
C02033,0.107949875,Low
C02034,0.75067544,High
C02035,0.14017218,Low
C02036,0.038934905,Low
C02037,0.6870922,High
C02038,0.7781463,High
C02039,0.9331886,High
C02040,0.11452276,Low
C02041,0.08875376,Low
C02042,0.9838229,High
C02043,0.6948483,High
C02044,0.62107986,High
C02045,0.86434364,High
C02047,0.9313949,High
C02048,0.9367377,High
C02049,0.5158672,Medium
C02051,0.036688246,Low
C02052,0.4194804,Medium
C02053,0.60206884,High
C02054,0.956184,High
C02055,0.9747259,High
C02056,0.050617337,Low
C02058,0.9218812,High
C02059,0.6861768,High
C02060,0.7804268,High
C02061,0.56326175,Medium
C02063,0.025845481,Low
C02064,0.021059453,Low
C02065,0.30299604,Medium
C02066,0.68909854,High
C02067,0.9609307,High
C02068,0.2040604,Low
C02069,0.9493676,High
C02070,0.07787269,Low
C02071,0.31864557,Medium
C02072,0.32181975,Medium
C02073,0.7264246,High
C02074,0.8857171,High
C02076,0.54697686,Medium
C02077,0.813704,High
C02078,0.22762758,Low
C02079,0.79476327,High
C02080,0.9411807,High
C02081,0.79068166,High
C02082,0.92727315,High
C02083,0.89345956,High
C02084,0.17083633,Low
C02085,0.9252851,High
C02086,0.65871865,High
C02087,0.6687282,High
C02088,0.9330544,High
C02089,0.9788815,High
C02090,0.89330506,High
C02091,0.16267256,Low
C02092,0.8032761,High
C02093,0.9701685,High
C02094,0.807447,High
C02096,0.33949387,Medium
C02098,0.40159932,Medium
C02099,0.7577007,High
C02100,0.063408755,Low
C02101,0.23590016,Low
C02102,0.2954979,Low
C02103,0.96325034,High
C02104,0.6964874,High
C02106,0.75563544,High
C02107,0.8806325,High
C02108,0.8010056,High
C02109,0.18146397,Low
C02110,0.44959334,Medium
C02112,0.37255314,Medium
C02113,0.18192486,Low
C02114,0.7300334,High
C02115,0.7102328,High
C02116,0.65435916,High
C02117,0.6131249,High
C02118,0.057558443,Low
C02119,0.3363179,Medium
C02121,0.92077166,High
C02122,0.77378803,High
C02124,0.025620027,Low
C02125,0.018696891,Low
C02126,0.98156124,High
C02127,0.12524381,Low
C02128,0.028102566,Low
C02130,0.05004998,Low
C02131,0.98302865,High
C02132,0.7731993,High
C02133,0.8250751,High
C02134,0.6771109,High
C02135,0.13658915,Low
C02136,0.34333625,Medium
C02137,0.942776,High
C02138,0.023408806,Low
C02139,0.84002995,High
C02140,0.35314775,Medium
C02141,0.7704746,High
C02142,0.59733236,Medium
C02144,0.73419684,High
C02145,0.89945734,High
C02146,0.6106051,High
C02147,0.8990356,High
C02148,0.33503544,Medium
C02150,0.77894235,High
C02151,0.4633861,Medium
C02152,0.3038786,Medium
C02153,0.76992804,High
C02154,0.12625001,Low
C02155,0.6741359,High
C02156,0.70992976,High
C02157,0.041523993,Low
C02158,0.9128953,High
C02159,0.30654895,Medium
C02160,0.06477205,Low
C02161,0.7471985,High
C02162,0.9824562,High
C02163,0.97466135,High
C02164,0.0979797,Low
C02165,0.95355856,High
C02166,0.79637206,High
C02167,0.18313822,Low
C02168,0.8127344,High
C02169,0.2733736,Low
C02170,0.6126815,High
C02171,0.8344985,High
C02172,0.96571076,High
C02173,0.9354877,High
C02174,0.75844157,High
C02175,0.58705443,Medium
C02176,0.6073764,High
C02178,0.73192865,High
C02179,0.9644089,High
C02180,0.600143,High
C02181,0.061730836,Low
C02182,0.96723247,High
C02183,0.28624,Low
C02184,0.96731824,High
C02185,0.90916824,High
C02186,0.9650533,High
C02187,0.2120623,Low
C02188,0.9617674,High
C02189,0.9573041,High
C02190,0.02160008,Low
C02191,0.6477164,High
C02192,0.9822578,High
C02193,0.4206211,Medium
C02195,0.9584863,High
C02196,0.7423627,High
C02197,0.42053035,Medium
C02198,0.64651275,High
C02199,0.50058967,Medium
C02201,0.87859076,High
C02202,0.19843,Low
C02204,0.03559143,Low
C02205,0.47607765,Medium
C02206,0.70878404,High
C02207,0.019401219,Low
C02208,0.2100924,Low
C02209,0.94560164,High
C02210,0.89415157,High
C02211,0.7489121,High
C02212,0.013105974,Low
C02213,0.6269782,High
C02215,0.838765,High
C02216,0.9260333,High
C02217,0.6154761,High
C02218,0.05183581,Low
C02219,0.1818726,Low
C02220,0.7002331,High
C02221,0.8444361,High
C02223,0.7575906,High
C02224,0.6954708,High
C02225,0.87209177,High
C02226,0.78565323,High
C02227,0.9276898,High
C02228,0.81913155,High
C02229,0.14898154,Low
C02231,0.023104887,Low
C02233,0.7012441,High
C02234,0.7870702,High
C02237,0.38089454,Medium
C02238,0.95371616,High
C02240,0.8348742,High
C02241,0.015627561,Low
C02242,0.54183084,Medium
C02243,0.94838107,High
C02244,0.37011227,Medium
C02246,0.68076074,High
C02247,0.77499443,High
C02248,0.76894933,High
C02249,0.5380453,Medium
C02250,0.7421156,High
C02252,0.0553916,Low
C02253,0.7112033,High
C02256,0.26354945,Low
C02257,0.027809214,Low
C02258,0.6205186,High
C02259,0.5452428,Medium
C02260,0.60172004,High
C02261,0.9347428,High
C02262,0.6411313,High
C02263,0.7356825,High
C02264,0.03453257,Low
C02265,0.38779455,Medium
C02267,0.9526992,High
C02269,0.22219816,Low
C02270,0.11593554,Low
C02271,0.76115966,High
C02272,0.061088923,Low
C02273,0.034345895,Low
C02275,0.22058749,Low
C02276,0.095451765,Low
C02277,0.98725814,High
C02278,0.97708297,High
C02279,0.13772419,Low
C02280,0.6421593,High
C02281,0.8177835,High
C02282,0.10733239,Low
C02283,0.065510035,Low
C02284,0.81597006,High
C02285,0.3258379,Medium
C02286,0.32921794,Medium
C02287,0.57123905,Medium
C02288,0.8814397,High
C02290,0.94877064,High
C02291,0.86809766,High
C02292,0.327969,Medium
C02293,0.9131388,High
C02294,0.7017173,High
C02296,0.015982825,Low
C02297,0.81340474,High
C02298,0.71343684,High
C02300,0.58582777,Medium
C02301,0.020900821,Low
C02302,0.03954194,Low
C02303,0.26381293,Low
C02304,0.40986004,Medium
C02305,0.043270208,Low
C02306,0.036098618,Low
C02307,0.034074724,Low
C02308,0.71865714,High
C02309,0.38654357,Medium
C02310,0.9749819,High
C02311,0.9543575,High
C02312,0.06935396,Low
C02314,0.19613568,Low
C02315,0.78766257,High
C02316,0.16897613,Low
C02317,0.7804731,High
C02318,0.21000431,Low
C02319,0.8774533,High
C02321,0.8296732,High
C02323,0.4746783,Medium
C02325,0.4154583,Medium
C02326,0.96428764,High
C02327,0.3691278,Medium
C02328,0.4276497,Medium
C02330,0.9895704,High
C02331,0.06521624,Low
C02333,0.04712545,Low
C02334,0.21407199,Low
C02335,0.2786328,Low
C02336,0.5472335,Medium
C02337,0.3875901,Medium
C02338,0.95677125,High
C02340,0.82000536,High
C02342,0.32347068,Medium
C02343,0.83392215,High
C02344,0.7189075,High
C02345,0.048791617,Low
C02346,0.62429804,High
C02349,0.7408347,High
C02350,0.84981316,High
C02352,0.24152234,Low
C02354,0.05433699,Low
C02355,0.74285436,High
C02356,0.63167655,High
C02357,0.59728485,Medium
C02358,0.23912238,Low
C02359,0.8086159,High
C02360,0.09674791,Low
C02361,0.38448933,Medium
C02362,0.9054953,High
C02364,0.46349853,Medium
C02366,0.20121294,Low
C02367,0.171517,Low
C02368,0.3379852,Medium
C02369,0.44076326,Medium
C02370,0.20860264,Low
C02371,0.25163606,Low
C02372,0.84800243,High
C02373,0.6791906,High
C02374,0.57191736,Medium
C02375,0.921592,High
C02376,0.94200003,High
C02377,0.9555897,High
C02378,0.23015158,Low
C02379,0.6839017,High
C02380,0.7938558,High
C02382,0.80563265,High
C02384,0.8387417,High
C02385,0.27494177,Low
C02387,0.2819738,Low
C02388,0.42085394,Medium
C02389,0.9302866,High
C02390,0.9775121,High
C02391,0.0443573,Low
C02392,0.47273505,Medium
C02393,0.85613817,High
C02394,0.48043188,Medium
C02395,0.012415317,Low
C02396,0.8367538,High
C02397,0.4563103,Medium
C02402,0.96978253,High
C02403,0.8931393,High
C02405,0.31473902,Medium
C02407,0.15376018,Low
C02408,0.9685177,High
C02409,0.97353226,High
C02410,0.13693073,Low
C02411,0.9225035,High
C02412,0.30839384,Medium
C02413,0.16621944,Low
C02414,0.03266355,Low
C02415,0.39300627,Medium
C02416,0.07420993,Low
C02418,0.12983257,Low
C02419,0.2368299,Low
C02421,0.9635878,High
C02422,0.9820047,High
C02423,0.7962239,High
C02424,0.057012662,Low
C02425,0.97114074,High
C02426,0.7923588,High
C02427,0.44084385,Medium
C02428,0.6458769,High
C02429,0.2328224,Low
C02432,0.65579766,High
C02433,0.71531594,High
C02434,0.7299448,High
C02435,0.10668484,Low
C02436,0.114358865,Low
C02437,0.5248647,Medium
C02438,0.9358161,High
C02439,0.8426191,High
C02440,0.05436196,Low
C02441,0.013557073,Low
C02443,0.88026714,High
C02445,0.47732788,Medium
C02446,0.9178586,High
C02447,0.017941844,Low
C02448,0.28857008,Low
C02449,0.9185698,High
C02450,0.35500443,Medium
C02451,0.6955005,High
C02452,0.85042554,High
C02453,0.69725895,High
C02454,0.052561413,Low
C02455,0.054647096,Low
C02456,0.9235976,High
C02457,0.027481047,Low
C02458,0.024743032,Low
C02459,0.94438845,High
C02460,0.59007174,Medium
C02461,0.03951332,Low
C02462,0.36975342,Medium
C02463,0.94867474,High
C02464,0.87049013,High
C02465,0.75638247,High
C02466,0.60988075,High
C02467,0.114635326,Low
C02468,0.2228054,Low
C02469,0.026194682,Low
C02470,0.8737643,High
C02471,0.9651309,High
C02472,0.1357562,Low
C02474,0.903571,High
C02475,0.27866507,Low
C02476,0.81494796,High
C02477,0.7884399,High
C02478,0.09458155,Low
C02479,0.69875777,High
C02480,0.6339649,High
C02481,0.9522983,High
C02482,0.9169369,High
C02483,0.87595797,High
C02484,0.047053687,Low
C02485,0.6297833,High
C02486,0.71996546,High
C02488,0.80989563,High
C02489,0.95057344,High
C02490,0.33779317,Medium
C02491,0.3940726,Medium
C02492,0.91176975,High
C02493,0.66547936,High
C02494,0.14633039,Low
C02495,0.98793924,High
C02496,0.025425974,Low
C02497,0.9098995,High
C02498,0.03193507,Low
C02499,0.09692638,Low
C02500,0.86731213,High
C02501,0.077072985,Low
C02502,0.01279494,Low
C02503,0.9357085,High
C02504,0.9857144,High
C02505,0.68196124,High
C02507,0.5175423,Medium
C02509,0.2469958,Low
C02510,0.25107464,Low
C02512,0.8150433,High
C02513,0.9737168,High
C02515,0.7158527,High
C02517,0.14764737,Low
C02518,0.03385662,Low
C02519,0.605337,High
C02522,0.47211844,Medium
C02523,0.32678264,Medium
C02524,0.48712817,Medium
C02525,0.38919958,Medium
C02528,0.28909802,Low
C02529,0.32927835,Medium
C02530,0.72454447,High
C02531,0.91767484,High
C02533,0.958743,High
C02535,0.2650455,Low
C02536,0.65845877,High
C02537,0.27844435,Low
C02539,0.5134317,Medium
C02543,0.017716963,Low
C02545,0.46635807,Medium
C02546,0.751401,High
C02547,0.00971353,Low
C02549,0.6202358,High
C02551,0.26756185,Low
C02552,0.20348087,Low
C02553,0.71727884,High
C02554,0.23507315,Low
C02555,0.017597266,Low
C02557,0.5987644,Medium
C02558,0.22521305,Low
C02559,0.9744455,High
C02560,0.9736788,High
C02561,0.5634795,Medium
C02562,0.7731578,High
C02563,0.9775488,High
C02564,0.07960563,Low
C02565,0.29109693,Low
C02566,0.14879379,Low
C02567,0.45746633,Medium
C02568,0.31408915,Medium
C02569,0.5296615,Medium
C02570,0.050208703,Low
C02571,0.7512162,High
C02572,0.6145617,High
C02573,0.89553106,High
C02574,0.09641212,Low
C02575,0.24719077,Low
C02576,0.17703798,Low
C02577,0.48605874,Medium
C02578,0.81390005,High
C02579,0.76416934,High
C02581,0.8412176,High
C02583,0.37888747,Medium
C02585,0.05094133,Low
C02586,0.62347156,High
C02587,0.41702226,Medium
C02588,0.12873858,Low
C02589,0.43306896,Medium
C02590,0.13435468,Low
C02591,0.014390578,Low
C02593,0.22588687,Low
C02594,0.5788144,Medium
C02595,0.64469284,High
C02597,0.77025366,High
C02599,0.13661878,Low
C02600,0.9517587,High
C02601,0.26950154,Low
C02604,0.8549572,High
C02605,0.97985667,High
C02606,0.9682428,High
C02607,0.033682976,Low
C02608,0.18204303,Low
C02610,0.958555,High
C02611,0.71857274,High
C02612,0.5541171,Medium
C02613,0.87227786,High
C02615,0.25173694,Low
C02616,0.48532075,Medium
C02618,0.93482435,High
C02619,0.8417072,High
C02620,0.78532374,High
C02621,0.48624757,Medium
C02622,0.4060158,Medium
C02623,0.6842443,High
C02625,0.277809,Low
C02626,0.79801077,High
C02627,0.9810558,High
C02628,0.92633736,High
C02629,0.49424553,Medium
C02630,0.9503039,High
C02631,0.80329835,High
C02632,0.5103453,Medium
C02633,0.36238268,Medium
C02634,0.19871911,Low
C02635,0.3715248,Medium
C02636,0.7496804,High
C02639,0.42407614,Medium
C02641,0.78719676,High
C02643,0.6986441,High
C02644,0.8363886,High
C02645,0.6590698,High
C02646,0.72713625,High
C02647,0.39694133,Medium
C02648,0.09570151,Low
C02649,0.13974062,Low
C02650,0.3648486,Medium
C02651,0.7637662,High
C02653,0.7113546,High
C02655,0.6883077,High
C02656,0.31264618,Medium
C02657,0.7345835,High
C02658,0.07289807,Low
C02659,0.94575495,High
C02660,0.98468184,High
C02661,0.72426575,High
C02662,0.9111323,High
C02663,0.9530238,High
C02664,0.84691584,High
C02665,0.027336515,Low
C02666,0.36269352,Medium
C02667,0.8438785,High
C02668,0.9568294,High
C02669,0.91128993,High
C02670,0.26478252,Low
C02671,0.32291165,Medium
C02672,0.23177242,Low
C02673,0.8973307,High
C02674,0.059812997,Low
C02675,0.6178872,High
C02676,0.43331614,Medium
C02679,0.28270692,Low
C02680,0.89503807,High
C02681,0.020028934,Low
C02682,0.49589467,Medium
C02683,0.16335519,Low
C02684,0.055694178,Low
C02685,0.78334236,High
C02686,0.84984916,High
C02688,0.36704844,Medium
C02689,0.7503246,High
C02690,0.45525298,Medium
C02691,0.52138436,Medium
C02692,0.027300874,Low
C02694,0.24044457,Low
C02697,0.8811674,High
C02698,0.37106687,Medium
C02699,0.6759497,High
C02700,0.6121179,High
C02701,0.09228548,Low
C02703,0.8234047,High
C02704,0.74054104,High
C02705,0.038335163,Low
C02706,0.27220786,Low
C02709,0.6537224,High
C02710,0.19960216,Low
C02712,0.39857155,Medium
C02713,0.06286247,Low
C02715,0.20804213,Low
C02717,0.6868716,High
C02718,0.21575926,Low
C02719,0.6114309,High
C02720,0.60372066,High
C02721,0.018342955,Low
C02723,0.8561674,High
C02725,0.86376804,High
C02726,0.35330582,Medium
C02728,0.85739005,High
C02729,0.56431574,Medium
C02731,0.07484947,Low
C02732,0.076828815,Low
C02733,0.94590586,High
C02734,0.17154013,Low
C02737,0.65789336,High
C02738,0.02991605,Low
C02739,0.9412114,High
C02740,0.5939998,Medium
C02741,0.9576525,High
C02742,0.0065338644,Low
C02743,0.72103095,High
C02744,0.872867,High
C02746,0.95327884,High
C02747,0.86874545,High
C02748,0.16830337,Low
C02749,0.6969017,High
C02751,0.17298204,Low
C02752,0.8169448,High
C02753,0.9813952,High
C02754,0.10020865,Low
C02755,0.06321699,Low
C02756,0.95873564,High
C02757,0.92347735,High
C02760,0.42181993,Medium
C02761,0.509225,Medium
C02762,0.9407743,High
C02763,0.2222797,Low
C02764,0.98177207,High
C02765,0.88553673,High
C02766,0.30844876,Medium
C02767,0.9610679,High
C02768,0.8105249,High
C02769,0.28011873,Low
C02770,0.9761686,High
C02771,0.75457263,High
C02772,0.5669585,Medium
C02773,0.80312544,High
C02774,0.31404015,Medium
C02775,0.31600332,Medium
C02776,0.7173935,High
C02777,0.8436027,High
C02779,0.26196823,Low
C02780,0.95458275,High
C02781,0.40087545,Medium
C02782,0.85474205,High
C02784,0.8028035,High
C02786,0.14055812,Low
C02787,0.39324072,Medium
C02789,0.8817161,High
C02790,0.113396905,Low
C02791,0.6240391,High
C02792,0.69255936,High
C02793,0.8733402,High
C02794,0.1763856,Low
C02795,0.62490964,High
C02798,0.93736637,High
C02799,0.5739608,Medium
C02801,0.4224979,Medium
C02802,0.9773816,High
C02803,0.026399087,Low
C02804,0.6429271,High
C02805,0.6047878,High
C02806,0.17028119,Low
C02807,0.34591952,Medium
C02812,0.6902744,High
C02813,0.018517276,Low
C02814,0.7875119,High
C02816,0.4839181,Medium
C02817,0.28857028,Low
C02818,0.012354875,Low
C02819,0.110558555,Low
C02821,0.029028788,Low
C02823,0.3704358,Medium
C02824,0.15668085,Low
C02825,0.12115649,Low
C02826,0.02078446,Low
C02828,0.61186117,High
C02829,0.812922,High
C02830,0.819493,High
C02831,0.658513,High
C02832,0.54183203,Medium
C02833,0.44129035,Medium
C02834,0.27594072,Low
C02836,0.046317097,Low
C02838,0.95808226,High
C02839,0.5051719,Medium
C02840,0.37847883,Medium
C02841,0.37765053,Medium
C02842,0.7972727,High
C02843,0.050195135,Low
C02844,0.019539524,Low
C02845,0.16980971,Low
C02846,0.17606056,Low
C02847,0.24218841,Low
C02848,0.17991772,Low
C02849,0.5761974,Medium
C02852,0.72792023,High
C02853,0.028122516,Low
C02854,0.4689488,Medium
C02855,0.05834756,Low
C02856,0.9330763,High
C02857,0.88788307,High
C02858,0.914315,High
C02859,0.94917077,High
C02860,0.5300803,Medium
C02861,0.3725804,Medium
C02862,0.81115705,High
C02863,0.11044929,Low
C02865,0.86452484,High
C02866,0.22041818,Low
C02867,0.0452582,Low
C02868,0.28809977,Low
C02869,0.1922372,Low
C02870,0.15905029,Low
C02871,0.7096594,High
C02872,0.7116868,High
C02873,0.16392855,Low
C02874,0.7363366,High
C02875,0.97550756,High
C02876,0.2732898,Low
C02877,0.91340667,High
C02878,0.5437851,Medium
C02879,0.021919424,Low
C02880,0.7243264,High
C02881,0.34966773,Medium
C02882,0.16441545,Low
C02883,0.95111877,High
C02885,0.6345551,High
C02889,0.9630526,High
C02890,0.03927134,Low
C02891,0.5051517,Medium
C02893,0.13350835,Low
C02895,0.75808513,High
C02896,0.96862483,High
C02897,0.9161712,High
C02898,0.55357474,Medium
C02899,0.26573294,Low
C02900,0.17045304,Low
C02901,0.9142282,High
C02902,0.31558895,Medium
C02903,0.695894,High
C02904,0.9159501,High
C02905,0.9801649,High
C02906,0.9775783,High
C02907,0.47619072,Medium
C02908,0.98182386,High
C02909,0.0551122,Low
C02911,0.24104838,Low
C02912,0.6941043,High
C02913,0.35916454,Medium
C02914,0.5807186,Medium
C02915,0.6362583,High
C02916,0.23477297,Low
C02918,0.10586374,Low
C02919,0.044444643,Low
C02920,0.7502591,High
C02921,0.80075306,High
C02922,0.2311914,Low
C02924,0.92845875,High
C02926,0.76752716,High
C02927,0.5538561,Medium
C02928,0.1241706,Low
C02929,0.95705545,High
C02930,0.012629544,Low
C02931,0.7089666,High
C02932,0.95082694,High
C02933,0.67644566,High
C02934,0.9209756,High
C02938,0.16284916,Low
C02939,0.02191356,Low
C02940,0.255426,Low
C02941,0.02172933,Low
C02942,0.47436136,Medium
C02943,0.28597263,Low
C02944,0.5852718,Medium
C02945,0.9142323,High
C02946,0.43341336,Medium
C02947,0.9420418,High
C02950,0.8231559,High
C02951,0.85572904,High
C02953,0.6628925,High
C02954,0.043281596,Low
C02956,0.7723854,High
C02957,0.036766764,Low
C02959,0.2042444,Low
C02960,0.45295465,Medium
C02961,0.41916564,Medium
C02962,0.15620567,Low
C02964,0.35168204,Medium
C02966,0.2556414,Low
C02967,0.35873213,Medium
C02968,0.19826414,Low
C02969,0.47482747,Medium
C02970,0.21865742,Low
C02972,0.2511963,Low
C02973,0.56557995,Medium
C02974,0.38055152,Medium
C02975,0.9250831,High
C02976,0.3855492,Medium
C02977,0.056572676,Low
C02978,0.9584331,High
C02980,0.19132969,Low
C02981,0.9489713,High
C02982,0.61568767,High
C02983,0.9229262,High
C02984,0.1923026,Low
C02985,0.03976326,Low
C02986,0.5990609,Medium
C02987,0.9439439,High
C02989,0.6994586,High
C02991,0.9790359,High
C02992,0.94711417,High
C02994,0.09238646,Low
C02996,0.13718116,Low
C02997,0.63769215,High
C02998,0.11112265,Low
C02999,0.052588474,Low
C03000,0.8826645,High
